{"af":"t","aint":0.25,"background":"#151313FF","bloombrad":4,"bloomint":0.6,"bloomthr":1,"cam":{"da":0,"ha":0.1959133744239807,"lda":-0,"lha":1.820913314819336,"lwa":0.25,"o":[0,15.5,0.5],"px":1.394515037536621,"py":-7.504845142364502,"wa":-0,"z":87.8324203491211},"cont":0,"eint":0.5,"graint":0,"lcolor":"#FFFFFFFF","lint":0.5,"objects":[{"data":"contents1.vmaxb","e_c":[128,143.5,0.5],"e_ma":[16,0.5,0.5],"e_mi":[-16,-0.5,-0.5],"hist":"history1.vmaxhb","id":"0E45C6E8-EFB3-4747-B95D-349CD859F407","ind":[0,0,0],"pal":"palette1.png","s":true,"t_al":"f","t_p":[-128,-128,0],"t_pa":"4","t_pf":"8","t_r":[0,0,0,0],"t_s":[1,1,1]}],"outlineint":0.6,"outlinesz":2,"sat":1,"shadowint":0.3,"ssr":false,"temp":0,"tint":0,"v":4,"vigint":0,"vigpow":0}