{"af":"t","aint":0.25,"background":"#151313FF","bloombrad":4,"bloomint":0.6,"bloomthr":1,"cam":{"da":0,"ha":0.25,"lda":0,"lha":1.875,"lwa":0.25,"o":[-1.1444092e-05,0,-3.8146973e-06],"px":0,"py":0,"wa":0,"z":62.55355453491211},"cont":0,"eint":0.5,"graint":0,"lcolor":"#FFFFFFFF","lint":0.5,"objects":[{"data":"contents1.vmaxb","e_c":[128,128,16],"e_ma":[16,16,16],"e_mi":[-16,-16,-16],"hist":"history1.vmaxhb","id":"0B86E864-0B6D-4EAF-B044-174848EFAC67","ind":[0,0,0],"pal":"palette1.png","s":true,"t_al":"f","t_p":[-8.768557,-174.4498,50.14359],"t_pa":"4","t_pf":"8","t_r":[-0.21092714,0.5795176,0.7871909,0.86617935],"t_s":[1,0.9999998,0.99999976]}],"outlineint":0.6,"outlinesz":2,"sat":1,"shadowint":0.3,"ssr":false,"temp":0,"tint":0,"v":4,"vigint":0,"vigpow":0}