{"af":"t","aint":0.25,"background":"#151313FF","bloombrad":4,"bloomint":0.6,"bloomthr":1,"cam":{"da":0,"ha":0.25,"lda":0,"lha":1.875,"lwa":0.25,"o":[-2.0980835e-05,1.5258789e-05,3.8146973e-06],"px":-9.536741345073096e-06,"py":2.697397576412186e-06,"wa":0,"z":66.22776794433594},"cont":0,"eint":0.5,"graint":0,"lcolor":"#FFFFFFFF","lint":0.5,"objects":[{"data":"contents1.vmaxb","e_c":[128,128,16],"e_ma":[16,16,16],"e_mi":[-16,-16,-16],"hist":"history1.vmaxhb","id":"0B86E864-0B6D-4EAF-B044-174848EFAC67","ind":[0,0,0],"pal":"palette1.png","s":true,"t_al":"f","t_p":[-15.7769375,-180.3304,-15.999983],"t_pa":"4","t_pf":"8","t_r":[1.9662934e-08,2.1703183e-08,0.9999998,0.69813174],"t_s":[0.9999997,0.99999934,0.99999917]}],"outlineint":0.6,"outlinesz":2,"sat":1,"shadowint":0.3,"ssr":false,"temp":0,"tint":0,"v":4,"vigint":0,"vigpow":0}