{"af":"t","aint":0.25,"background":"#151313FF","bloombrad":4,"bloomint":0.6,"bloomthr":1,"cam":{"da":0,"ha":0.25,"lda":0,"lha":1.875,"lwa":0.25,"o":[8.583069e-06,0,15.999996],"px":0,"py":0,"wa":0,"z":66.22779083251953},"cont":0,"eint":0.5,"graint":0,"lcolor":"#FFFFFFFF","lint":0.5,"objects":[{"data":"contents1.vmaxb","e_c":[128,128,16],"e_ma":[16,16,16],"e_mi":[-16,-16,-16],"hist":"history1.vmaxhb","id":"0B86E864-0B6D-4EAF-B044-174848EFAC67","ind":[0,0,0],"pal":"palette1.png","s":true,"t_al":"f","t_p":[-8.768528,-174.4498,66.14358],"t_pa":"4","t_pf":"8","t_r":[-0.2109271,0.5795176,0.7871909,0.86617935],"t_s":[0.9999999,0.9999998,0.9999997]}],"outlineint":0.6,"outlinesz":2,"sat":1,"shadowint":0.3,"ssr":false,"temp":0,"tint":0,"v":4,"vigint":0,"vigpow":0}