{"af":"bt","aint":0.25,"background":"#151313FF","bloombrad":4,"bloomint":0.6,"bloomthr":1,"cam":{"da":0,"ha":0.1959133744239807,"lda":-0,"lha":1.820913314819336,"lwa":0.25,"o":[0,0,0],"px":1.3945159912109375,"py":1.8523340225219727,"wa":-0,"z":75.46540069580078},"cont":0,"eint":0.5,"graint":0,"lcolor":"#FFFFFFFF","lint":0.5,"nrn":true,"objects":[],"oie":true,"outlineint":0.6,"outlinesz":2,"sat":1,"shadowint":0.3,"ssr":false,"temp":0,"tint":0,"v":4,"vigint":0,"vigpow":0}