{"af":"t","aint":0.25,"background":"#151313FF","bloombrad":4,"bloomint":0.6,"bloomthr":1,"cam":{"da":1.9999998807907104,"ha":0.13256487250328064,"lda":-0,"lha":1.8209131956100464,"lwa":0.2500000298023224,"o":[0,0,0],"px":10.648231506347656,"py":21.82069969177246,"wa":0.1355184018611908,"z":66.39486694335938},"cont":0,"eint":0.5,"graint":0,"lcolor":"#FFFFFFFF","lint":0.5,"objects":[{"data":"contents1.vmaxb","e_c":[128,128,16],"e_ma":[16,16,16],"e_mi":[-16,-16,-16],"hist":"history1.vmaxhb","id":"CDA3BBFE-9688-4A69-89C3-F6C44F313A5D","ind":[0,0,0],"n":"Custom Pivot","pal":"palette1.png","t_al":"f","t_p":[-112,-112,0],"t_pa":"6","t_pf":"0","t_r":[0,0,0,0],"t_s":[1,1,1]},{"data":"contents2.vmaxb","e_c":[128,128,16],"e_ma":[16,16,16],"e_mi":[-16,-16,-16],"hist":"history2.vmaxhb","id":"3ADC08E8-2D94-477C-B810-A19E8563F60C","ind":[0,0,1],"n":"Default Pivot","pal":"palette2.png","s":true,"t_al":"f","t_p":[-128,-128,-16],"t_pa":"4","t_pf":"8","t_r":[0,0,0,0],"t_s":[1,1,1]}],"outlineint":0.6,"outlinesz":2,"sat":1,"shadowint":0.3,"ssr":false,"temp":0,"tint":0,"v":4,"vigint":0,"vigpow":0}